arm,t,cif_aki,cif_death
deep,0.0,0.0,0.0
deep,0.035175879396984924,0.018019857811681795,0.001082756508549969
deep,0.07035175879396985,0.023815195150586235,0.001082756508549969
deep,0.10552763819095477,0.02458329328662303,0.0014563170744759392
deep,0.1407035175879397,0.02508409727139241,0.001804141141301628
deep,0.1758793969849246,0.02710970133529598,0.002454767422302348
deep,0.21105527638190955,0.027484522070901362,0.004977123723496606
deep,0.24623115577889448,0.027484522070901362,0.005587908598059304
deep,0.2814070351758794,0.03176289796601247,0.006968136955730668
deep,0.3165829145728643,0.03358946239877811,0.008142637468932673
deep,0.3517587939698492,0.03421595724172549,0.008998941070516344
deep,0.3869346733668342,0.03542448617814927,0.008998941070516344
deep,0.4221105527638191,0.03696378366121303,0.010175785250860506
deep,0.457286432160804,0.03837292365738144,0.012422253065889345
deep,0.49246231155778897,0.03837292365738144,0.012857323180442578
deep,0.5276381909547738,0.03837292365738144,0.013412564504298957
deep,0.5628140703517588,0.03899408936852457,0.015438441190460825
deep,0.5979899497487438,0.03899408936852457,0.015910485145141567
deep,0.6331658291457286,0.04019735572887128,0.017165050192342927
deep,0.6683417085427136,0.04019735572887128,0.017165050192342927
deep,0.7035175879396984,0.04019735572887128,0.01787775921199017
deep,0.7386934673366834,0.04106874862357597,0.01839914365024393
deep,0.7738693467336684,0.043010034707750736,0.019801744374074996
deep,0.8090452261306532,0.04355328914996334,0.019801744374074996
deep,0.8442211055276382,0.04434661125778095,0.020477297762258182
deep,0.8793969849246231,0.04512911063603633,0.020477297762258182
deep,0.914572864321608,0.04643311143483088,0.020477297762258182
deep,0.949748743718593,0.04794822356581651,0.02119795275130911
deep,0.9849246231155779,0.04876958429154425,0.021792586047979484
deep,1.020100502512563,0.05001806704619159,0.022198284102348288
deep,1.0552763819095476,0.05061483688899973,0.02358541659073084
deep,1.0904522613065326,0.05061483688899973,0.024157869970111878
deep,1.1256281407035176,0.05157528455641628,0.024811091731658082
deep,1.1608040201005025,0.052801782507709824,0.026303171383332057
deep,1.1959798994974875,0.052801782507709824,0.026303171383332057
deep,1.2311557788944723,0.05379077759309311,0.026303171383332057
deep,1.2663316582914572,0.05379077759309311,0.026303171383332057
deep,1.3015075376884422,0.05379077759309311,0.026303171383332057
deep,1.3366834170854272,0.05413502010215727,0.026303171383332057
deep,1.3718592964824121,0.05475303998366005,0.026924448331515246
deep,1.4070351758793969,0.05475303998366005,0.02751126017286515
deep,1.4422110552763818,0.05475303998366005,0.02751126017286515
deep,1.4773869346733668,0.05564164308582341,0.028453077614426007
deep,1.5125628140703518,0.05564164308582341,0.028453077614426007
deep,1.5477386934673367,0.05603510354162709,0.028453077614426007
deep,1.5829145728643217,0.05603510354162709,0.029280324689989094
deep,1.6180904522613064,0.05603510354162709,0.030567932190034088
deep,1.6532663316582914,0.05603510354162709,0.030567932190034088
deep,1.6884422110552764,0.05603510354162709,0.03086698767836698
deep,1.7236180904522613,0.05603510354162709,0.03118158535818626
deep,1.7587939698492463,0.05603510354162709,0.03265905151536049
deep,1.793969849246231,0.05603510354162709,0.033514251662903845
deep,1.829145728643216,0.05603510354162709,0.035493040518568886
deep,1.864321608040201,0.05637045279794796,0.035493040518568886
deep,1.899497487437186,0.05637045279794796,0.035493040518568886
deep,1.934673366834171,0.05637045279794796,0.03613189637516654
deep,1.9698492462311559,0.05637045279794796,0.03660216124518405
deep,2.0050251256281406,0.05637045279794796,0.03660216124518405
deep,2.040201005025126,0.05772679580946321,0.03660216124518405
deep,2.0753768844221105,0.05772679580946321,0.03660216124518405
deep,2.1105527638190953,0.05772679580946321,0.03735057377036221
deep,2.1457286432160805,0.05772679580946321,0.03735057377036221
deep,2.180904522613065,0.05772679580946321,0.03735057377036221
deep,2.2160804020100504,0.05772679580946321,0.03789918374242023
deep,2.251256281407035,0.05772679580946321,0.03789918374242023
deep,2.28643216080402,0.05772679580946321,0.038174806285188295
deep,2.321608040201005,0.05772679580946321,0.038174806285188295
deep,2.35678391959799,0.05772679580946321,0.038174806285188295
deep,2.391959798994975,0.05772679580946321,0.038174806285188295
deep,2.4271356783919598,0.05772679580946321,0.038174806285188295
deep,2.4623115577889445,0.05916517532854886,0.038174806285188295
deep,2.4974874371859297,0.05986118079646734,0.038753485932877606
deep,2.5326633165829144,0.05986118079646734,0.03998033993862003
deep,2.5678391959798996,0.05986118079646734,0.04079486341348606
deep,2.6030150753768844,0.06068049573015428,0.04079486341348606
deep,2.638190954773869,0.06098837593598113,0.04079486341348606
deep,2.6733668341708543,0.06174535377296612,0.04079486341348606
deep,2.708542713567839,0.06174535377296612,0.04079486341348606
deep,2.7437185929648242,0.06174535377296612,0.042509366548694694
deep,2.778894472361809,0.06174535377296612,0.042509366548694694
deep,2.8140703517587937,0.06174535377296612,0.042509366548694694
deep,2.849246231155779,0.06210779136253454,0.042509366548694694
deep,2.8844221105527637,0.06210779136253454,0.042509366548694694
deep,2.919597989949749,0.06210779136253454,0.042509366548694694
deep,2.9547738693467336,0.06276124325897389,0.042509366548694694
deep,2.9899497487437188,0.06338079155926893,0.04404068016691344
deep,3.0251256281407035,0.06338079155926893,0.04404068016691344
deep,3.0603015075376883,0.06338079155926893,0.04404068016691344
deep,3.0954773869346734,0.06338079155926893,0.04404068016691344
deep,3.130653266331658,0.06422849088019097,0.04462214055225509
deep,3.1658291457286434,0.06422849088019097,0.04462214055225509
deep,3.201005025125628,0.06422849088019097,0.04462214055225509
deep,3.236180904522613,0.06422849088019097,0.04462214055225509
deep,3.271356783919598,0.06422849088019097,0.045722600534320194
deep,3.306532663316583,0.06422849088019097,0.045722600534320194
deep,3.341708542713568,0.06422849088019097,0.045722600534320194
deep,3.3768844221105527,0.06422849088019097,0.045722600534320194
deep,3.4120603015075375,0.06422849088019097,0.045722600534320194
deep,3.4472361809045227,0.06489005003524204,0.045722600534320194
deep,3.4824120603015074,0.06489005003524204,0.045722600534320194
deep,3.5175879396984926,0.06489005003524204,0.045722600534320194
deep,3.5527638190954773,0.06580933536918185,0.045722600534320194
deep,3.587939698492462,0.06580933536918185,0.04620810832773091
deep,3.6231155778894473,0.06580933536918185,0.04620810832773091
deep,3.658291457286432,0.0665483419790802,0.04691268961210751
deep,3.693467336683417,0.0665483419790802,0.04691268961210751
deep,3.728643216080402,0.0665483419790802,0.04691268961210751
deep,3.7638190954773867,0.0665483419790802,0.04736168273359177
deep,3.798994974874372,0.0665483419790802,0.04736168273359177
deep,3.8341708542713566,0.0665483419790802,0.04736168273359177
deep,3.869346733668342,0.0665483419790802,0.04736168273359177
deep,3.9045226130653266,0.0665483419790802,0.04736168273359177
deep,3.9396984924623117,0.0665483419790802,0.04787825581848524
deep,3.9748743718592965,0.0665483419790802,0.04787825581848524
deep,4.010050251256281,0.0665483419790802,0.04787825581848524
deep,4.045226130653266,0.0665483419790802,0.04787825581848524
deep,4.080402010050252,0.0665483419790802,0.04787825581848524
deep,4.115577889447236,0.0665483419790802,0.04787825581848524
deep,4.150753768844221,0.0665483419790802,0.04851573070230872
deep,4.185929648241206,0.06727483979437275,0.049037683669880726
deep,4.221105527638191,0.06727483979437275,0.049037683669880726
deep,4.256281407035176,0.06803075095131031,0.049037683669880726
deep,4.291457286432161,0.06803075095131031,0.049037683669880726
deep,4.326633165829145,0.06803075095131031,0.049037683669880726
deep,4.36180904522613,0.06803075095131031,0.049037683669880726
deep,4.396984924623116,0.06803075095131031,0.049037683669880726
deep,4.432160804020101,0.06803075095131031,0.049037683669880726
deep,4.467336683417085,0.06803075095131031,0.049037683669880726
deep,4.50251256281407,0.06874697693871638,0.049037683669880726
deep,4.5376884422110555,0.06874697693871638,0.049037683669880726
deep,4.57286432160804,0.06874697693871638,0.049037683669880726
deep,4.608040201005025,0.06874697693871638,0.04968061484263294
deep,4.64321608040201,0.06874697693871638,0.04968061484263294
deep,4.678391959798995,0.06874697693871638,0.04968061484263294
deep,4.71356783919598,0.06874697693871638,0.04968061484263294
deep,4.748743718592965,0.06874697693871638,0.04968061484263294
deep,4.78391959798995,0.06874697693871638,0.04968061484263294
deep,4.819095477386934,0.06874697693871638,0.04968061484263294
deep,4.8542713567839195,0.06874697693871638,0.04968061484263294
deep,4.889447236180905,0.06874697693871638,0.04968061484263294
deep,4.924623115577889,0.06874697693871638,0.04968061484263294
deep,4.959798994974874,0.06874697693871638,0.04968061484263294
deep,4.994974874371859,0.06874697693871638,0.04968061484263294
deep,5.030150753768845,0.06874697693871638,0.04968061484263294
deep,5.065326633165829,0.06874697693871638,0.04968061484263294
deep,5.100502512562814,0.06874697693871638,0.04968061484263294
deep,5.135678391959799,0.06874697693871638,0.04968061484263294
deep,5.1708542713567835,0.06874697693871638,0.04968061484263294
deep,5.206030150753769,0.06874697693871638,0.05076730278856611
deep,5.241206030150754,0.06874697693871638,0.05076730278856611
deep,5.276381909547738,0.06874697693871638,0.05076730278856611
deep,5.311557788944723,0.06874697693871638,0.05076730278856611
deep,5.346733668341709,0.07014533889857529,0.05076730278856611
deep,5.381909547738694,0.07014533889857529,0.05076730278856611
deep,5.417085427135678,0.07014533889857529,0.0509894449639853
deep,5.452261306532663,0.07014533889857529,0.051622544627785906
deep,5.4874371859296485,0.07014533889857529,0.051622544627785906
deep,5.522613065326633,0.07014533889857529,0.051622544627785906
deep,5.557788944723618,0.07014533889857529,0.052128720412439954
deep,5.592964824120603,0.07067041020422386,0.052128720412439954
deep,5.628140703517587,0.07067041020422386,0.05260631896607575
deep,5.663316582914573,0.07067041020422386,0.05330770913034514
deep,5.698492462311558,0.07067041020422386,0.05398145307602249
deep,5.733668341708543,0.07067041020422386,0.05398145307602249
deep,5.768844221105527,0.07067041020422386,0.05398145307602249
deep,5.8040201005025125,0.07067041020422386,0.05398145307602249
deep,5.839195979899498,0.07067041020422386,0.05446966303043342
deep,5.874371859296482,0.07067041020422386,0.05446966303043342
deep,5.909547738693467,0.07067041020422386,0.05446966303043342
deep,5.944723618090452,0.07067041020422386,0.05446966303043342
deep,5.9798994974874375,0.07067041020422386,0.055062895541606906
deep,6.015075376884422,0.07067041020422386,0.055062895541606906
deep,6.050251256281407,0.07067041020422386,0.0557948214052878
deep,6.085427135678392,0.07067041020422386,0.0557948214052878
deep,6.1206030150753765,0.07067041020422386,0.0557948214052878
deep,6.155778894472362,0.07067041020422386,0.0561690867799329
deep,6.190954773869347,0.07067041020422386,0.0561690867799329
deep,6.226130653266331,0.0713223777476879,0.0561690867799329
deep,6.261306532663316,0.0713223777476879,0.0561690867799329
deep,6.296482412060302,0.0713223777476879,0.0561690867799329
deep,6.331658291457287,0.0713223777476879,0.0561690867799329
deep,6.366834170854271,0.0713223777476879,0.05684289509225912
deep,6.402010050251256,0.0713223777476879,0.05776361566524751
deep,6.437185929648241,0.0713223777476879,0.05776361566524751
deep,6.472361809045226,0.0713223777476879,0.058321868907961295
deep,6.507537688442211,0.0713223777476879,0.058321868907961295
deep,6.542713567839196,0.0713223777476879,0.05899007481104348
deep,6.57788944723618,0.0713223777476879,0.05899007481104348
deep,6.613065326633166,0.0713223777476879,0.05899007481104348
deep,6.648241206030151,0.0713223777476879,0.05899007481104348
deep,6.683417085427136,0.0713223777476879,0.05899007481104348
deep,6.71859296482412,0.0713223777476879,0.05938285318258529
deep,6.7537688442211055,0.0713223777476879,0.05995992102450875
deep,6.788944723618091,0.0713223777476879,0.05995992102450875
deep,6.824120603015075,0.0713223777476879,0.05995992102450875
deep,6.85929648241206,0.0713223777476879,0.06074401019128759
deep,6.894472361809045,0.0713223777476879,0.06074401019128759
deep,6.9296482412060305,0.0713223777476879,0.061360517379571274
deep,6.964824120603015,0.0713223777476879,0.062050659012694034
deep,7.0,0.0713223777476879,0.062050659012694034
shallow,0.0,0.0,0.0
shallow,0.035175879396984924,0.005224035806596349,0.0
shallow,0.07035175879396985,0.007104469686850678,0.0
shallow,0.10552763819095477,0.007104469686850678,0.0
shallow,0.1407035175879397,0.007625880855967183,0.0
shallow,0.1758793969849246,0.00959441188459165,0.0013833859067081471
shallow,0.21105527638190955,0.010187263167784061,0.0013833859067081471
shallow,0.24623115577889448,0.010774125522985503,0.0013833859067081471
shallow,0.2814070351758794,0.010774125522985503,0.0013833859067081471
shallow,0.3165829145728643,0.011446950661888129,0.002524981676929886
shallow,0.3517587939698492,0.013136659931732471,0.002524981676929886
shallow,0.3869346733668342,0.013136659931732471,0.002524981676929886
shallow,0.4221105527638191,0.013136659931732471,0.0034195689244599027
shallow,0.457286432160804,0.013136659931732471,0.0034195689244599027
shallow,0.49246231155778897,0.013136659931732471,0.0034195689244599027
shallow,0.5276381909547738,0.013136659931732471,0.0034195689244599027
shallow,0.5628140703517588,0.013136659931732471,0.0034195689244599027
shallow,0.5979899497487438,0.013136659931732471,0.0041229419452476455
shallow,0.6331658291457286,0.013718735077330704,0.0041229419452476455
shallow,0.6683417085427136,0.014131105589960755,0.0041229419452476455
shallow,0.7035175879396984,0.014131105589960755,0.0049988202385051516
shallow,0.7386934673366834,0.015113631662254112,0.0049988202385051516
shallow,0.7738693467336684,0.01695508083271363,0.0049988202385051516
shallow,0.8090452261306532,0.01695508083271363,0.0049988202385051516
shallow,0.8442211055276382,0.01695508083271363,0.0049988202385051516
shallow,0.8793969849246231,0.01695508083271363,0.0049988202385051516
shallow,0.914572864321608,0.01695508083271363,0.0049988202385051516
shallow,0.949748743718593,0.017752552624565435,0.0049988202385051516
shallow,0.9849246231155779,0.017752552624565435,0.005592259579631828
shallow,1.020100502512563,0.017752552624565435,0.005592259579631828
shallow,1.0552763819095476,0.017752552624565435,0.006250202803576197
shallow,1.0904522613065326,0.017752552624565435,0.006250202803576197
shallow,1.1256281407035176,0.017752552624565435,0.00784346117123048
shallow,1.1608040201005025,0.019373106405804544,0.00784346117123048
shallow,1.1959798994974875,0.019373106405804544,0.00784346117123048
shallow,1.2311557788944723,0.019373106405804544,0.00784346117123048
shallow,1.2663316582914572,0.020274093871514524,0.008826495759026233
shallow,1.3015075376884422,0.020274093871514524,0.008826495759026233
shallow,1.3366834170854272,0.020274093871514524,0.008826495759026233
shallow,1.3718592964824121,0.020274093871514524,0.008826495759026233
shallow,1.4070351758793969,0.021095132357654894,0.009756797855793975
shallow,1.4422110552763818,0.021095132357654894,0.009756797855793975
shallow,1.4773869346733668,0.02312178875913576,0.009756797855793975
shallow,1.5125628140703518,0.02312178875913576,0.009756797855793975
shallow,1.5477386934673367,0.02312178875913576,0.009756797855793975
shallow,1.5829145728643217,0.02312178875913576,0.009756797855793975
shallow,1.6180904522613064,0.024583717852923955,0.009756797855793975
shallow,1.6532663316582914,0.024583717852923955,0.009756797855793975
shallow,1.6884422110552764,0.024583717852923955,0.009756797855793975
shallow,1.7236180904522613,0.024583717852923955,0.009756797855793975
shallow,1.7587939698492463,0.024583717852923955,0.010896860521667683
shallow,1.793969849246231,0.025487222788123202,0.010896860521667683
shallow,1.829145728643216,0.025487222788123202,0.010896860521667683
shallow,1.864321608040201,0.026335110922379456,0.011655356435912648
shallow,1.899497487437186,0.026335110922379456,0.011655356435912648
shallow,1.934673366834171,0.026335110922379456,0.011655356435912648
shallow,1.9698492462311559,0.027323264187220715,0.011655356435912648
shallow,2.0050251256281406,0.028393121394069246,0.01322432549297938
shallow,2.040201005025126,0.028393121394069246,0.01322432549297938
shallow,2.0753768844221105,0.02912099266906734,0.014005495448668522
shallow,2.1105527638190953,0.02912099266906734,0.014005495448668522
shallow,2.1457286432160805,0.02912099266906734,0.01498082851805726
shallow,2.180904522613065,0.02912099266906734,0.01498082851805726
shallow,2.2160804020100504,0.02997889548862246,0.01498082851805726
shallow,2.251256281407035,0.02997889548862246,0.01498082851805726
shallow,2.28643216080402,0.031105998655078543,0.016087758947456003
shallow,2.321608040201005,0.031105998655078543,0.016087758947456003
shallow,2.35678391959799,0.031105998655078543,0.016087758947456003
shallow,2.391959798994975,0.031105998655078543,0.016087758947456003
shallow,2.4271356783919598,0.031105998655078543,0.01683188199426488
shallow,2.4623115577889445,0.031105998655078543,0.01683188199426488
shallow,2.4974874371859297,0.031105998655078543,0.01683188199426488
shallow,2.5326633165829144,0.03219573315700086,0.01683188199426488
shallow,2.5678391959798996,0.03304187116550017,0.01683188199426488
shallow,2.6030150753768844,0.03304187116550017,0.017677073039398673
shallow,2.638190954773869,0.03304187116550017,0.018327507830567375
shallow,2.6733668341708543,0.03304187116550017,0.018327507830567375
shallow,2.708542713567839,0.03374850124644689,0.018327507830567375
shallow,2.7437185929648242,0.03460329742873766,0.018327507830567375
shallow,2.778894472361809,0.03460329742873766,0.019394032031235547
shallow,2.8140703517587937,0.03460329742873766,0.019394032031235547
shallow,2.849246231155779,0.03460329742873766,0.019394032031235547
shallow,2.8844221105527637,0.03549871954861634,0.019394032031235547
shallow,2.919597989949749,0.036368009677663314,0.019394032031235547
shallow,2.9547738693467336,0.036368009677663314,0.019394032031235547
shallow,2.9899497487437188,0.036368009677663314,0.020212343526141097
shallow,3.0251256281407035,0.036368009677663314,0.02108899628219363
shallow,3.0603015075376883,0.036368009677663314,0.021874167964187126
shallow,3.0954773869346734,0.036368009677663314,0.022750620407387442
shallow,3.130653266331658,0.036368009677663314,0.022750620407387442
shallow,3.1658291457286434,0.036368009677663314,0.022750620407387442
shallow,3.201005025125628,0.036368009677663314,0.022750620407387442
shallow,3.236180904522613,0.036368009677663314,0.022750620407387442
shallow,3.271356783919598,0.036368009677663314,0.022750620407387442
shallow,3.306532663316583,0.036368009677663314,0.022750620407387442
shallow,3.341708542713568,0.036368009677663314,0.022750620407387442
shallow,3.3768844221105527,0.036368009677663314,0.022750620407387442
shallow,3.4120603015075375,0.036368009677663314,0.022750620407387442
shallow,3.4472361809045227,0.036368009677663314,0.022750620407387442
shallow,3.4824120603015074,0.036368009677663314,0.02377808177956955
shallow,3.5175879396984926,0.036368009677663314,0.02377808177956955
shallow,3.5527638190954773,0.036368009677663314,0.02377808177956955
shallow,3.587939698492462,0.036368009677663314,0.024531380211226923
shallow,3.6231155778894473,0.03736047167475881,0.024531380211226923
shallow,3.658291457286432,0.03736047167475881,0.024531380211226923
shallow,3.693467336683417,0.03736047167475881,0.024531380211226923
shallow,3.728643216080402,0.03736047167475881,0.024531380211226923
shallow,3.7638190954773867,0.03736047167475881,0.024531380211226923
shallow,3.798994974874372,0.03736047167475881,0.024531380211226923
shallow,3.8341708542713566,0.03829151428120429,0.024531380211226923
shallow,3.869346733668342,0.038950022583410945,0.024531380211226923
shallow,3.9045226130653266,0.038950022583410945,0.024531380211226923
shallow,3.9396984924623117,0.038950022583410945,0.024531380211226923
shallow,3.9748743718592965,0.038950022583410945,0.024531380211226923
shallow,4.010050251256281,0.038950022583410945,0.024531380211226923
shallow,4.045226130653266,0.038950022583410945,0.02547454031113671
shallow,4.080402010050252,0.038950022583410945,0.02547454031113671
shallow,4.115577889447236,0.038950022583410945,0.02547454031113671
shallow,4.150753768844221,0.038950022583410945,0.02547454031113671
shallow,4.185929648241206,0.038950022583410945,0.02547454031113671
shallow,4.221105527638191,0.038950022583410945,0.02547454031113671
shallow,4.256281407035176,0.038950022583410945,0.02547454031113671
shallow,4.291457286432161,0.038950022583410945,0.02547454031113671
shallow,4.326633165829145,0.038950022583410945,0.02547454031113671
shallow,4.36180904522613,0.038950022583410945,0.02547454031113671
shallow,4.396984924623116,0.038950022583410945,0.02547454031113671
shallow,4.432160804020101,0.038950022583410945,0.02547454031113671
shallow,4.467336683417085,0.038950022583410945,0.02547454031113671
shallow,4.50251256281407,0.039919742777836206,0.02547454031113671
shallow,4.5376884422110555,0.039919742777836206,0.02547454031113671
shallow,4.57286432160804,0.039919742777836206,0.02547454031113671
shallow,4.608040201005025,0.039919742777836206,0.02547454031113671
shallow,4.64321608040201,0.039919742777836206,0.02547454031113671
shallow,4.678391959798995,0.039919742777836206,0.02547454031113671
shallow,4.71356783919598,0.039919742777836206,0.02547454031113671
shallow,4.748743718592965,0.039919742777836206,0.02604861780287473
shallow,4.78391959798995,0.039919742777836206,0.02604861780287473
shallow,4.819095477386934,0.039919742777836206,0.02604861780287473
shallow,4.8542713567839195,0.04090674069066392,0.026750917448680234
shallow,4.889447236180905,0.04090674069066392,0.027438308181032225
shallow,4.924623115577889,0.04090674069066392,0.027438308181032225
shallow,4.959798994974874,0.04090674069066392,0.027438308181032225
shallow,4.994974874371859,0.04090674069066392,0.028143283642680213
shallow,5.030150753768845,0.04090674069066392,0.028143283642680213
shallow,5.065326633165829,0.04090674069066392,0.029041279698954453
shallow,5.100502512562814,0.04090674069066392,0.029041279698954453
shallow,5.135678391959799,0.04090674069066392,0.029041279698954453
shallow,5.1708542713567835,0.04090674069066392,0.029041279698954453
shallow,5.206030150753769,0.04090674069066392,0.029041279698954453
shallow,5.241206030150754,0.04090674069066392,0.029041279698954453
shallow,5.276381909547738,0.04090674069066392,0.029041279698954453
shallow,5.311557788944723,0.04090674069066392,0.02971150234397838
shallow,5.346733668341709,0.04090674069066392,0.02971150234397838
shallow,5.381909547738694,0.04090674069066392,0.031477567149708924
shallow,5.417085427135678,0.04171555183988413,0.031477567149708924
shallow,5.452261306532663,0.04171555183988413,0.032319632186408286
shallow,5.4874371859296485,0.04171555183988413,0.032319632186408286
shallow,5.522613065326633,0.04171555183988413,0.032319632186408286
shallow,5.557788944723618,0.04171555183988413,0.032319632186408286
shallow,5.592964824120603,0.04171555183988413,0.032319632186408286
shallow,5.628140703517587,0.04171555183988413,0.032319632186408286
shallow,5.663316582914573,0.04171555183988413,0.032319632186408286
shallow,5.698492462311558,0.04171555183988413,0.032319632186408286
shallow,5.733668341708543,0.04171555183988413,0.03278918854335075
shallow,5.768844221105527,0.04171555183988413,0.03334577016240599
shallow,5.8040201005025125,0.04171555183988413,0.03334577016240599
shallow,5.839195979899498,0.04171555183988413,0.03334577016240599
shallow,5.874371859296482,0.04171555183988413,0.03415167774834576
shallow,5.909547738693467,0.04171555183988413,0.03415167774834576
shallow,5.944723618090452,0.04171555183988413,0.035133316550961996
shallow,5.9798994974874375,0.04171555183988413,0.03585821228235262
shallow,6.015075376884422,0.04171555183988413,0.03585821228235262
shallow,6.050251256281407,0.04171555183988413,0.03673327043872621
shallow,6.085427135678392,0.04171555183988413,0.03673327043872621
shallow,6.1206030150753765,0.04171555183988413,0.03673327043872621
shallow,6.155778894472362,0.04171555183988413,0.03673327043872621
shallow,6.190954773869347,0.04171555183988413,0.03764795050842235
shallow,6.226130653266331,0.04171555183988413,0.03764795050842235
shallow,6.261306532663316,0.04171555183988413,0.03764795050842235
shallow,6.296482412060302,0.04171555183988413,0.038515352493183996
shallow,6.331658291457287,0.04171555183988413,0.038515352493183996
shallow,6.366834170854271,0.04171555183988413,0.038515352493183996
shallow,6.402010050251256,0.04171555183988413,0.038515352493183996
shallow,6.437185929648241,0.04171555183988413,0.038515352493183996
shallow,6.472361809045226,0.04171555183988413,0.038515352493183996
shallow,6.507537688442211,0.04229361989335538,0.038515352493183996
shallow,6.542713567839196,0.04229361989335538,0.038515352493183996
shallow,6.57788944723618,0.04229361989335538,0.038515352493183996
shallow,6.613065326633166,0.04229361989335538,0.038515352493183996
shallow,6.648241206030151,0.04229361989335538,0.038515352493183996
shallow,6.683417085427136,0.04229361989335538,0.03939669966474941
shallow,6.71859296482412,0.04229361989335538,0.03939669966474941
shallow,6.7537688442211055,0.04229361989335538,0.03939669966474941
shallow,6.788944723618091,0.04229361989335538,0.03939669966474941
shallow,6.824120603015075,0.04229361989335538,0.03939669966474941
shallow,6.85929648241206,0.04229361989335538,0.03939669966474941
shallow,6.894472361809045,0.04229361989335538,0.03939669966474941
shallow,6.9296482412060305,0.04229361989335538,0.041141154001824325
shallow,6.964824120603015,0.04229361989335538,0.041141154001824325
shallow,7.0,0.04318086931328434,0.041141154001824325
