nadir,risk,lo,hi
38.0,0.32325608152133656,0.24058703874577667,0.4186707602681613
38.29213483146067,0.3171088660152018,0.237535939590813,0.40903787160065785
38.58426966292135,0.31102482379214846,0.2345019459330603,0.39948719818732903
38.87640449438202,0.3050053745170629,0.23148451689104255,0.390026290457504
39.168539325842694,0.2990518569155481,0.22848303399190553,0.38066251776299487
39.46067415730337,0.29316552855377104,0.22549679156569286,0.37140306140600887
39.752808988764045,0.28734756580516074,0.222524985651495,0.36225491081779243
40.04494382022472,0.28159906399828816,0.21956670118405205,0.35322486317449275
40.337078651685395,0.27592103773971455,0.21662089720219582,0.34431952674692495
40.62921348314607,0.27031442140510026,0.21368638979627713,0.33554532828836475
40.92134831460674,0.26478006979142843,0.21076183249520983,0.32690852476462784
41.21348314606742,0.25931875892282286,0.2078456937926569,0.3184152197160868
41.50561797752809,0.2539311870021111,0.20493623153829407,0.3100713844999498
41.79775280898876,0.24861797550001358,0.20203146399267763,0.3018828845746357
42.08988764044944,0.24337967037363098,0.1991291374909024,0.29385551082864336
42.38202247191011,0.23821674340573235,0.19622669092184875,0.2859950156831569
42.674157303370784,0.23312959365623961,0.193321217664217,0.2783071532530221
42.96629213483146,0.2281185490172413,0.19040942630643423,0.27079772215600834
43.258426966292134,0.22318386786285146,0.1874876025157741,0.26347260851458826
43.550561797752806,0.21832574078526007,0.18455157593018298,0.25633782518030557
43.842696629213485,0.2135442924083891,0.18159669803799447,0.24939954111449641
44.13483146067416,0.2088395832706792,0.17861783974696283,0.24266409211961865
44.42696629213483,0.2042116117686759,0.1756094206385763,0.23613796081894872
44.71910112359551,0.19966032218617957,0.1725654896486434,0.2298277183757331
45.01123595505618,0.19518725957688488,0.16948114512992116,0.22374197103679566
45.30337078651685,0.19079765340788435,0.16635506657608154,0.2178929090691243
45.59550561797753,0.1864968452397003,0.16318799187797556,0.21229039420133436
45.8876404494382,0.1822897115175197,0.1599828034007245,0.20694070521799876
46.17977528089888,0.17818067521031855,0.15674492239723933,0.20184619768798234
46.47191011235955,0.17417371997050546,0.15348254789280327,0.19700513295961042
46.764044943820224,0.17027240660097157,0.15020666820211617,0.19241174648111278
47.056179775280896,0.16647989160460666,0.146930807205088,0.1880565914695975
47.348314606741575,0.16279894758449373,0.14367051908857326,0.18392714236591393
47.640449438202246,0.15923198526095203,0.14044269787079275,0.18000858995708552
47.932584269662925,0.15578107687403978,0.13726480288505286,0.17628472529283273
48.2247191011236,0.1524479807466753,0.13415410745882403,0.17273880360993213
48.51685393258427,0.1492341667937513,0.1311270570481124,0.1693543006338145
48.80898876404494,0.1461408427760488,0.12819878678993532,0.16611551012745635
49.10112359550562,0.1431689811138999,0.12538281090972359,0.16300796930286987
49.39325842696629,0.14031934609394253,0.1226908676132939,0.1600187277454664
49.68539325842697,0.13759252132247582,0.12013288655147006,0.15713649227331689
49.97752808988764,0.13498893730042433,0.11771704021982783,0.15435168610670089
50.26966292134831,0.1325088990173577,0.11544984200990432,0.15165645959126745
50.561797752808985,0.13015261348502444,0.11333625821464925,0.14904468534524848
50.853932584269664,0.12792021715414145,0.11137980620375595,0.1465119659924313
51.146067415730336,0.1258118031814797,0.10958261442390747,0.14405567939782132
51.438202247191015,0.12382744853739173,0.10794542089847514,0.14167508548918267
51.73033707865169,0.12196724096670179,0.10646748510228342,0.1393715207249116
52.02247191011236,0.12023130583821007,0.10514638349223306,0.137148711036249
52.31460674157303,0.11861983293990722,0.10397765227011761,0.13501324094554615
52.60674157303371,0.11713310329833786,0.10295423440391155,0.13297522328026495
52.89887640449438,0.1157715161214241,0.10206568750970935,0.13104921449499204
53.19101123595506,0.11453561598451178,0.10129712865441304,0.12925540132626215
53.48314606741573,0.11342554135069188,0.10062725030063609,0.12762060748118056
53.7752808988764,0.11242919557743082,0.10001386237216275,0.12616965947665676
54.067415730337075,0.11152310386658054,0.0994007200221194,0.12491880839843796
54.359550561797754,0.11068411420605336,0.09873754437530789,0.12387746167200984
54.651685393258425,0.1098897662425647,0.09798494322448309,0.1230436807631569
54.943820224719104,0.10911819869333829,0.09711775829501569,0.12240046007915753
55.235955056179776,0.10834809462659728,0.09612599842074633,0.12191458571573163
55.52808988764045,0.10755866344016893,0.09501286985905318,0.12153856524270071
55.82022471910112,0.10672965845102786,0.09379078466356885,0.12121475087630318
56.1123595505618,0.10584142897912314,0.0924769023087452,0.1208801037793951
56.40449438202247,0.10487500566339669,0.09108943361878911,0.12047037188666251
56.69662921348315,0.1038122174841328,0.08964516759864477,0.11992321948194574
56.98876404494382,0.1026358385817845,0.0881580843852871,0.1191804403660561
57.28089887640449,0.10132976245696587,0.08663867594666265,0.1181896230955664
57.573033707865164,0.09987920050927898,0.08509359380811551,0.11690563291296996
57.86516853932584,0.0982709011261874,0.08352532051058699,0.11529218998669587
58.157303370786515,0.09649338467300238,0.08193162500655211,0.1133237510172072
58.449438202247194,0.094537526200579,0.08030461590326068,0.11098860223972101
58.741573033707866,0.09240948790627558,0.07863090262120953,0.10831866297686196
59.03370786516854,0.09013341906296751,0.0768923206743635,0.10539434259417209
59.32584269662921,0.08773423237807282,0.075065036303378,0.10230517943437453
59.61797752808989,0.08523612749029666,0.07312047361634212,0.09914454378706648
59.91011235955056,0.08266234867770661,0.07102783580737441,0.09600566715199303
60.20224719101124,0.08003498017402287,0.06875899340998931,0.09297552556403858
60.49438202247191,0.07737477941438334,0.06629570557040758,0.09012662712317772
60.78651685393258,0.07470104778647157,0.06363715372965534,0.08750873173195382
61.078651685393254,0.07203153775286474,0.06080405119560632,0.08514423775343435
61.37078651685393,0.06938239455899012,0.057836542735010855,0.08303001065777964
61.662921348314605,0.06676813017000705,0.0547867787096313,0.0811447502263365
61.95505617977528,0.0642016266075145,0.05170996491550641,0.07945806963198751
62.247191011235955,0.061694165496333185,0.04865734393060969,0.07793780036534755
62.53932584269663,0.05925548038984982,0.0456723221556371,0.07655427600734123
62.8314606741573,0.05689382832041818,0.04278921809603474,0.075282085985094
63.12359550561798,0.054615972908288186,0.04003344827584342,0.07410028527629409
63.41573033707865,0.052423992482872654,0.037418142084327186,0.07299133696532167
63.70786516853933,0.05031530376969824,0.03494554194746561,0.07194107325046864
64.0,0.04828711211840378,0.03261444573625831,0.07093889791919597
